passenger_id,email,message
P00073,ryan92@thompson.com,"Bonjour Annette Garcia ğŸ‘‹,

Nous avons remarquÃ© votre goÃ»t pour les voyages en zone Africa, notamment vers South Africa.
Pourquoi ne pas dÃ©couvrir une nouvelle destination ? ğŸ‡«ğŸ‡·âœˆï¸
Nous vous recommandons un prochain vol vers South Africa, en classe Economy.

Ã€ trÃ¨s bientÃ´t dans les airs,
Lâ€™Ã©quipe de lâ€™aÃ©roport Charles de Gaulle âœ¨
"
P00091,alexandercarter@pena.com,"Bonjour Charles Hardin ğŸ‘‹,

Nous avons remarquÃ© votre goÃ»t pour les voyages en zone Europe, notamment vers Portugal.
Pourquoi ne pas dÃ©couvrir une nouvelle destination ? ğŸ‡«ğŸ‡·âœˆï¸
Nous vous recommandons un prochain vol vers Netherlands, en classe Business.

Ã€ trÃ¨s bientÃ´t dans les airs,
Lâ€™Ã©quipe de lâ€™aÃ©roport Charles de Gaulle âœ¨
"
P00105,frankli@hotmail.com,"Bonjour Tim Roberts ğŸ‘‹,

Nous avons remarquÃ© votre goÃ»t pour les voyages en zone Africa, notamment vers South Africa.
Pourquoi ne pas dÃ©couvrir une nouvelle destination ? ğŸ‡«ğŸ‡·âœˆï¸
Nous vous recommandons un prochain vol vers South Africa, en classe Economy.

Votre statut de fidÃ©litÃ© **Silver** vous garantit une expÃ©rience encore plus premium.

Ã€ trÃ¨s bientÃ´t dans les airs,
Lâ€™Ã©quipe de lâ€™aÃ©roport Charles de Gaulle âœ¨
"
P00127,joshua50@green.com,"Bonjour Melanie Smith ğŸ‘‹,

Nous avons remarquÃ© votre goÃ»t pour les voyages en zone Europe, notamment vers Spain.
Pourquoi ne pas dÃ©couvrir une nouvelle destination ? ğŸ‡«ğŸ‡·âœˆï¸
Nous vous recommandons un prochain vol vers Portugal, en classe Business.

Votre statut de fidÃ©litÃ© **Silver** vous garantit une expÃ©rience encore plus premium.

Ã€ trÃ¨s bientÃ´t dans les airs,
Lâ€™Ã©quipe de lâ€™aÃ©roport Charles de Gaulle âœ¨
"
P00129,wilkersonlisa@yahoo.com,"Bonjour Kimberly Simmons ğŸ‘‹,

Nous avons remarquÃ© votre goÃ»t pour les voyages en zone Asia, notamment vers South Korea.
Pourquoi ne pas dÃ©couvrir une nouvelle destination ? ğŸ‡«ğŸ‡·âœˆï¸
Nous vous recommandons un prochain vol vers China, en classe Economy.

Ã€ trÃ¨s bientÃ´t dans les airs,
Lâ€™Ã©quipe de lâ€™aÃ©roport Charles de Gaulle âœ¨
"
P00171,ashley43@gmail.com,"Bonjour Robert Fisher ğŸ‘‹,

Nous avons remarquÃ© votre goÃ»t pour les voyages en zone Asia, notamment vers Japan.
Pourquoi ne pas dÃ©couvrir une nouvelle destination ? ğŸ‡«ğŸ‡·âœˆï¸
Nous vous recommandons un prochain vol vers Thailand, en classe First.

Votre statut de fidÃ©litÃ© **Gold** vous garantit une expÃ©rience encore plus premium.

Ã€ trÃ¨s bientÃ´t dans les airs,
Lâ€™Ã©quipe de lâ€™aÃ©roport Charles de Gaulle âœ¨
"
P00252,matthewflores@johnson.com,"Bonjour Emily Morris ğŸ‘‹,

Nous avons remarquÃ© votre goÃ»t pour les voyages en zone Asia, notamment vers China.
Pourquoi ne pas dÃ©couvrir une nouvelle destination ? ğŸ‡«ğŸ‡·âœˆï¸
Nous vous recommandons un prochain vol vers Japan, en classe Economy.

Ã€ trÃ¨s bientÃ´t dans les airs,
Lâ€™Ã©quipe de lâ€™aÃ©roport Charles de Gaulle âœ¨
"
P00406,lholland@hotmail.com,"Bonjour Rachael Mcgee ğŸ‘‹,

Nous avons remarquÃ© votre goÃ»t pour les voyages en zone Asia, notamment vers Japan.
Pourquoi ne pas dÃ©couvrir une nouvelle destination ? ğŸ‡«ğŸ‡·âœˆï¸
Nous vous recommandons un prochain vol vers Thailand, en classe Economy.

Votre statut de fidÃ©litÃ© **Silver** vous garantit une expÃ©rience encore plus premium.

Ã€ trÃ¨s bientÃ´t dans les airs,
Lâ€™Ã©quipe de lâ€™aÃ©roport Charles de Gaulle âœ¨
"
P00418,jcurtis@hotmail.com,"Bonjour David Hammond ğŸ‘‹,

Nous avons remarquÃ© votre goÃ»t pour les voyages en zone Middle East, notamment vers United Arab Emirates.
Pourquoi ne pas dÃ©couvrir une nouvelle destination ? ğŸ‡«ğŸ‡·âœˆï¸
Nous vous recommandons un prochain vol vers United Arab Emirates, en classe Economy.

Ã€ trÃ¨s bientÃ´t dans les airs,
Lâ€™Ã©quipe de lâ€™aÃ©roport Charles de Gaulle âœ¨
"
P00521,xavier68@yahoo.com,"Bonjour Karen Gonzalez ğŸ‘‹,

Nous avons remarquÃ© votre goÃ»t pour les voyages en zone Asia, notamment vers India.
Pourquoi ne pas dÃ©couvrir une nouvelle destination ? ğŸ‡«ğŸ‡·âœˆï¸
Nous vous recommandons un prochain vol vers China, en classe Premium Economy.

Votre statut de fidÃ©litÃ© **Gold** vous garantit une expÃ©rience encore plus premium.

Ã€ trÃ¨s bientÃ´t dans les airs,
Lâ€™Ã©quipe de lâ€™aÃ©roport Charles de Gaulle âœ¨
"
P00573,elizabethlevy@yahoo.com,"Bonjour Katie Lin ğŸ‘‹,

Nous avons remarquÃ© votre goÃ»t pour les voyages en zone Asia, notamment vers Thailand.
Pourquoi ne pas dÃ©couvrir une nouvelle destination ? ğŸ‡«ğŸ‡·âœˆï¸
Nous vous recommandons un prochain vol vers India, en classe Economy.

Ã€ trÃ¨s bientÃ´t dans les airs,
Lâ€™Ã©quipe de lâ€™aÃ©roport Charles de Gaulle âœ¨
"
P00615,ronaldlewis@yahoo.com,"Bonjour Andrea Burke ğŸ‘‹,

Nous avons remarquÃ© votre goÃ»t pour les voyages en zone North America, notamment vers Canada.
Pourquoi ne pas dÃ©couvrir une nouvelle destination ? ğŸ‡«ğŸ‡·âœˆï¸
Nous vous recommandons un prochain vol vers Mexico, en classe Premium Economy.

Votre statut de fidÃ©litÃ© **Silver** vous garantit une expÃ©rience encore plus premium.

Ã€ trÃ¨s bientÃ´t dans les airs,
Lâ€™Ã©quipe de lâ€™aÃ©roport Charles de Gaulle âœ¨
"
P00654,njones@yahoo.com,"Bonjour Kathy Rojas ğŸ‘‹,

Nous avons remarquÃ© votre goÃ»t pour les voyages en zone Middle East, notamment vers United Arab Emirates.
Pourquoi ne pas dÃ©couvrir une nouvelle destination ? ğŸ‡«ğŸ‡·âœˆï¸
Nous vous recommandons un prochain vol vers United Arab Emirates, en classe Business.

Votre statut de fidÃ©litÃ© **Silver** vous garantit une expÃ©rience encore plus premium.

Ã€ trÃ¨s bientÃ´t dans les airs,
Lâ€™Ã©quipe de lâ€™aÃ©roport Charles de Gaulle âœ¨
"
P00690,hollandtimothy@hotmail.com,"Bonjour Sara Scott ğŸ‘‹,

Nous avons remarquÃ© votre goÃ»t pour les voyages en zone Africa, notamment vers South Africa.
Pourquoi ne pas dÃ©couvrir une nouvelle destination ? ğŸ‡«ğŸ‡·âœˆï¸
Nous vous recommandons un prochain vol vers South Africa, en classe Economy.

Ã€ trÃ¨s bientÃ´t dans les airs,
Lâ€™Ã©quipe de lâ€™aÃ©roport Charles de Gaulle âœ¨
"
P00742,thompsonsarah@gmail.com,"Bonjour Gary Hurst ğŸ‘‹,

Nous avons remarquÃ© votre goÃ»t pour les voyages en zone North America, notamment vers Canada.
Pourquoi ne pas dÃ©couvrir une nouvelle destination ? ğŸ‡«ğŸ‡·âœˆï¸
Nous vous recommandons un prochain vol vers Mexico, en classe Economy.

Ã€ trÃ¨s bientÃ´t dans les airs,
Lâ€™Ã©quipe de lâ€™aÃ©roport Charles de Gaulle âœ¨
"
P00761,martinclark@roberts.biz,"Bonjour Susan Gonzales ğŸ‘‹,

Nous avons remarquÃ© votre goÃ»t pour les voyages en zone North America, notamment vers United States.
Pourquoi ne pas dÃ©couvrir une nouvelle destination ? ğŸ‡«ğŸ‡·âœˆï¸
Nous vous recommandons un prochain vol vers Canada, en classe Premium Economy.

Votre statut de fidÃ©litÃ© **Silver** vous garantit une expÃ©rience encore plus premium.

Ã€ trÃ¨s bientÃ´t dans les airs,
Lâ€™Ã©quipe de lâ€™aÃ©roport Charles de Gaulle âœ¨
"
P00779,ramirezluke@gmail.com,"Bonjour Nathaniel Moore ğŸ‘‹,

Nous avons remarquÃ© votre goÃ»t pour les voyages en zone North America, notamment vers Canada.
Pourquoi ne pas dÃ©couvrir une nouvelle destination ? ğŸ‡«ğŸ‡·âœˆï¸
Nous vous recommandons un prochain vol vers United States, en classe Economy.

Votre statut de fidÃ©litÃ© **Silver** vous garantit une expÃ©rience encore plus premium.

Ã€ trÃ¨s bientÃ´t dans les airs,
Lâ€™Ã©quipe de lâ€™aÃ©roport Charles de Gaulle âœ¨
"
P00782,lori64@hotmail.com,"Bonjour Kim Sheppard ğŸ‘‹,

Nous avons remarquÃ© votre goÃ»t pour les voyages en zone Middle East, notamment vers United Arab Emirates.
Pourquoi ne pas dÃ©couvrir une nouvelle destination ? ğŸ‡«ğŸ‡·âœˆï¸
Nous vous recommandons un prochain vol vers United Arab Emirates, en classe Economy.

Votre statut de fidÃ©litÃ© **Silver** vous garantit une expÃ©rience encore plus premium.

Ã€ trÃ¨s bientÃ´t dans les airs,
Lâ€™Ã©quipe de lâ€™aÃ©roport Charles de Gaulle âœ¨
"
P00784,michaelsellers@scott.biz,"Bonjour Brittany Holmes ğŸ‘‹,

Nous avons remarquÃ© votre goÃ»t pour les voyages en zone Middle East, notamment vers United Arab Emirates.
Pourquoi ne pas dÃ©couvrir une nouvelle destination ? ğŸ‡«ğŸ‡·âœˆï¸
Nous vous recommandons un prochain vol vers United Arab Emirates, en classe Economy.

Ã€ trÃ¨s bientÃ´t dans les airs,
Lâ€™Ã©quipe de lâ€™aÃ©roport Charles de Gaulle âœ¨
"
P00786,ihenson@lee-ramirez.biz,"Bonjour Matthew Martinez ğŸ‘‹,

Nous avons remarquÃ© votre goÃ»t pour les voyages en zone North America, notamment vers United States.
Pourquoi ne pas dÃ©couvrir une nouvelle destination ? ğŸ‡«ğŸ‡·âœˆï¸
Nous vous recommandons un prochain vol vers Canada, en classe Business.

Ã€ trÃ¨s bientÃ´t dans les airs,
Lâ€™Ã©quipe de lâ€™aÃ©roport Charles de Gaulle âœ¨
"
P00793,robinsonnancy@yahoo.com,"Bonjour Stanley Martinez ğŸ‘‹,

Nous avons remarquÃ© votre goÃ»t pour les voyages en zone Europe, notamment vers Spain.
Pourquoi ne pas dÃ©couvrir une nouvelle destination ? ğŸ‡«ğŸ‡·âœˆï¸
Nous vous recommandons un prochain vol vers Switzerland, en classe Economy.

Ã€ trÃ¨s bientÃ´t dans les airs,
Lâ€™Ã©quipe de lâ€™aÃ©roport Charles de Gaulle âœ¨
"
P00797,banderson@gmail.com,"Bonjour Jamie Brooks ğŸ‘‹,

Nous avons remarquÃ© votre goÃ»t pour les voyages en zone North America, notamment vers United States.
Pourquoi ne pas dÃ©couvrir une nouvelle destination ? ğŸ‡«ğŸ‡·âœˆï¸
Nous vous recommandons un prochain vol vers Canada, en classe Economy.

Votre statut de fidÃ©litÃ© **Silver** vous garantit une expÃ©rience encore plus premium.

Ã€ trÃ¨s bientÃ´t dans les airs,
Lâ€™Ã©quipe de lâ€™aÃ©roport Charles de Gaulle âœ¨
"
P00893,leslie51@gray.com,"Bonjour Paul Simpson ğŸ‘‹,

Nous avons remarquÃ© votre goÃ»t pour les voyages en zone Europe, notamment vers Portugal.
Pourquoi ne pas dÃ©couvrir une nouvelle destination ? ğŸ‡«ğŸ‡·âœˆï¸
Nous vous recommandons un prochain vol vers Spain, en classe Economy.

Votre statut de fidÃ©litÃ© **Silver** vous garantit une expÃ©rience encore plus premium.

Ã€ trÃ¨s bientÃ´t dans les airs,
Lâ€™Ã©quipe de lâ€™aÃ©roport Charles de Gaulle âœ¨
"
P00944,chapmanjames@hancock-wright.com,"Bonjour Anne Washington ğŸ‘‹,

Nous avons remarquÃ© votre goÃ»t pour les voyages en zone North America, notamment vers United States.
Pourquoi ne pas dÃ©couvrir une nouvelle destination ? ğŸ‡«ğŸ‡·âœˆï¸
Nous vous recommandons un prochain vol vers Canada, en classe Premium Economy.

Votre statut de fidÃ©litÃ© **Silver** vous garantit une expÃ©rience encore plus premium.

Ã€ trÃ¨s bientÃ´t dans les airs,
Lâ€™Ã©quipe de lâ€™aÃ©roport Charles de Gaulle âœ¨
"
P00967,carterjon@hotmail.com,"Bonjour Roy Wright ğŸ‘‹,

Nous avons remarquÃ© votre goÃ»t pour les voyages en zone Europe, notamment vers Germany.
Pourquoi ne pas dÃ©couvrir une nouvelle destination ? ğŸ‡«ğŸ‡·âœˆï¸
Nous vous recommandons un prochain vol vers Spain, en classe Premium Economy.

Ã€ trÃ¨s bientÃ´t dans les airs,
Lâ€™Ã©quipe de lâ€™aÃ©roport Charles de Gaulle âœ¨
"
P01129,hhansen@salazar.info,"Bonjour Andrew Hansen ğŸ‘‹,

Nous avons remarquÃ© votre goÃ»t pour les voyages en zone Asia, notamment vers Japan.
Pourquoi ne pas dÃ©couvrir une nouvelle destination ? ğŸ‡«ğŸ‡·âœˆï¸
Nous vous recommandons un prochain vol vers Thailand, en classe First.

Ã€ trÃ¨s bientÃ´t dans les airs,
Lâ€™Ã©quipe de lâ€™aÃ©roport Charles de Gaulle âœ¨
"
P01211,hharvey@mccann-wood.org,"Bonjour Johnny Howard ğŸ‘‹,

Nous avons remarquÃ© votre goÃ»t pour les voyages en zone Europe, notamment vers Netherlands.
Pourquoi ne pas dÃ©couvrir une nouvelle destination ? ğŸ‡«ğŸ‡·âœˆï¸
Nous vous recommandons un prochain vol vers Germany, en classe Economy.

Votre statut de fidÃ©litÃ© **Gold** vous garantit une expÃ©rience encore plus premium.

Ã€ trÃ¨s bientÃ´t dans les airs,
Lâ€™Ã©quipe de lâ€™aÃ©roport Charles de Gaulle âœ¨
"
P01219,gillnatalie@cardenas-mcbride.com,"Bonjour Marc Atkinson ğŸ‘‹,

Nous avons remarquÃ© votre goÃ»t pour les voyages en zone Asia, notamment vers South Korea.
Pourquoi ne pas dÃ©couvrir une nouvelle destination ? ğŸ‡«ğŸ‡·âœˆï¸
Nous vous recommandons un prochain vol vers Thailand, en classe Business.

Ã€ trÃ¨s bientÃ´t dans les airs,
Lâ€™Ã©quipe de lâ€™aÃ©roport Charles de Gaulle âœ¨
"
P01240,ianrasmussen@marquez.com,"Bonjour Jessica Johnson ğŸ‘‹,

Nous avons remarquÃ© votre goÃ»t pour les voyages en zone Asia, notamment vers India.
Pourquoi ne pas dÃ©couvrir une nouvelle destination ? ğŸ‡«ğŸ‡·âœˆï¸
Nous vous recommandons un prochain vol vers Japan, en classe Economy.

Votre statut de fidÃ©litÃ© **Gold** vous garantit une expÃ©rience encore plus premium.

Ã€ trÃ¨s bientÃ´t dans les airs,
Lâ€™Ã©quipe de lâ€™aÃ©roport Charles de Gaulle âœ¨
"
P01248,adamsjeff@macdonald.info,"Bonjour Mark Caldwell ğŸ‘‹,

Nous avons remarquÃ© votre goÃ»t pour les voyages en zone Europe, notamment vers Spain.
Pourquoi ne pas dÃ©couvrir une nouvelle destination ? ğŸ‡«ğŸ‡·âœˆï¸
Nous vous recommandons un prochain vol vers Netherlands, en classe Business.

Votre statut de fidÃ©litÃ© **Silver** vous garantit une expÃ©rience encore plus premium.

Ã€ trÃ¨s bientÃ´t dans les airs,
Lâ€™Ã©quipe de lâ€™aÃ©roport Charles de Gaulle âœ¨
"
P01288,randy68@hotmail.com,"Bonjour Eduardo Steele ğŸ‘‹,

Nous avons remarquÃ© votre goÃ»t pour les voyages en zone Asia, notamment vers Japan.
Pourquoi ne pas dÃ©couvrir une nouvelle destination ? ğŸ‡«ğŸ‡·âœˆï¸
Nous vous recommandons un prochain vol vers China, en classe Economy.

Votre statut de fidÃ©litÃ© **Platinum** vous garantit une expÃ©rience encore plus premium.

Ã€ trÃ¨s bientÃ´t dans les airs,
Lâ€™Ã©quipe de lâ€™aÃ©roport Charles de Gaulle âœ¨
"
P01302,andersondiana@gmail.com,"Bonjour Rachel Mitchell ğŸ‘‹,

Nous avons remarquÃ© votre goÃ»t pour les voyages en zone Asia, notamment vers South Korea.
Pourquoi ne pas dÃ©couvrir une nouvelle destination ? ğŸ‡«ğŸ‡·âœˆï¸
Nous vous recommandons un prochain vol vers India, en classe Premium Economy.

Ã€ trÃ¨s bientÃ´t dans les airs,
Lâ€™Ã©quipe de lâ€™aÃ©roport Charles de Gaulle âœ¨
"
P01429,lbrown@hotmail.com,"Bonjour Joshua Chan ğŸ‘‹,

Nous avons remarquÃ© votre goÃ»t pour les voyages en zone Asia, notamment vers Japan.
Pourquoi ne pas dÃ©couvrir une nouvelle destination ? ğŸ‡«ğŸ‡·âœˆï¸
Nous vous recommandons un prochain vol vers China, en classe Business.

Ã€ trÃ¨s bientÃ´t dans les airs,
Lâ€™Ã©quipe de lâ€™aÃ©roport Charles de Gaulle âœ¨
"
P01440,derrickhodges@velazquez.org,"Bonjour Beth Thomas ğŸ‘‹,

Nous avons remarquÃ© votre goÃ»t pour les voyages en zone Europe, notamment vers Switzerland.
Pourquoi ne pas dÃ©couvrir une nouvelle destination ? ğŸ‡«ğŸ‡·âœˆï¸
Nous vous recommandons un prochain vol vers Spain, en classe Economy.

Ã€ trÃ¨s bientÃ´t dans les airs,
Lâ€™Ã©quipe de lâ€™aÃ©roport Charles de Gaulle âœ¨
"
P01558,dawn79@yahoo.com,"Bonjour Jasmine Wells ğŸ‘‹,

Nous avons remarquÃ© votre goÃ»t pour les voyages en zone Asia, notamment vers Japan.
Pourquoi ne pas dÃ©couvrir une nouvelle destination ? ğŸ‡«ğŸ‡·âœˆï¸
Nous vous recommandons un prochain vol vers Thailand, en classe Economy.

Votre statut de fidÃ©litÃ© **Platinum** vous garantit une expÃ©rience encore plus premium.

Ã€ trÃ¨s bientÃ´t dans les airs,
Lâ€™Ã©quipe de lâ€™aÃ©roport Charles de Gaulle âœ¨
"
P01630,davidbell@yahoo.com,"Bonjour Dana West ğŸ‘‹,

Nous avons remarquÃ© votre goÃ»t pour les voyages en zone Africa, notamment vers South Africa.
Pourquoi ne pas dÃ©couvrir une nouvelle destination ? ğŸ‡«ğŸ‡·âœˆï¸
Nous vous recommandons un prochain vol vers South Africa, en classe Business.

Votre statut de fidÃ©litÃ© **Platinum** vous garantit une expÃ©rience encore plus premium.

Ã€ trÃ¨s bientÃ´t dans les airs,
Lâ€™Ã©quipe de lâ€™aÃ©roport Charles de Gaulle âœ¨
"
P01727,deborahwilliams@johnson.com,"Bonjour Patrick Huffman ğŸ‘‹,

Nous avons remarquÃ© votre goÃ»t pour les voyages en zone Europe, notamment vers Germany.
Pourquoi ne pas dÃ©couvrir une nouvelle destination ? ğŸ‡«ğŸ‡·âœˆï¸
Nous vous recommandons un prochain vol vers Switzerland, en classe Premium Economy.

Votre statut de fidÃ©litÃ© **Silver** vous garantit une expÃ©rience encore plus premium.

Ã€ trÃ¨s bientÃ´t dans les airs,
Lâ€™Ã©quipe de lâ€™aÃ©roport Charles de Gaulle âœ¨
"
P01768,tmoody@hotmail.com,"Bonjour Heidi Tucker ğŸ‘‹,

Nous avons remarquÃ© votre goÃ»t pour les voyages en zone North America, notamment vers United States.
Pourquoi ne pas dÃ©couvrir une nouvelle destination ? ğŸ‡«ğŸ‡·âœˆï¸
Nous vous recommandons un prochain vol vers Mexico, en classe First.

Votre statut de fidÃ©litÃ© **Silver** vous garantit une expÃ©rience encore plus premium.

Ã€ trÃ¨s bientÃ´t dans les airs,
Lâ€™Ã©quipe de lâ€™aÃ©roport Charles de Gaulle âœ¨
"
P01777,danabutler@mata.com,"Bonjour Janet Ward ğŸ‘‹,

Nous avons remarquÃ© votre goÃ»t pour les voyages en zone North America, notamment vers United States.
Pourquoi ne pas dÃ©couvrir une nouvelle destination ? ğŸ‡«ğŸ‡·âœˆï¸
Nous vous recommandons un prochain vol vers Canada, en classe Economy.

Votre statut de fidÃ©litÃ© **Silver** vous garantit une expÃ©rience encore plus premium.

Ã€ trÃ¨s bientÃ´t dans les airs,
Lâ€™Ã©quipe de lâ€™aÃ©roport Charles de Gaulle âœ¨
"
P01895,wilsonfelicia@thomas.com,"Bonjour Jim Lewis ğŸ‘‹,

Nous avons remarquÃ© votre goÃ»t pour les voyages en zone Europe, notamment vers Germany.
Pourquoi ne pas dÃ©couvrir une nouvelle destination ? ğŸ‡«ğŸ‡·âœˆï¸
Nous vous recommandons un prochain vol vers Netherlands, en classe Economy.

Votre statut de fidÃ©litÃ© **Silver** vous garantit une expÃ©rience encore plus premium.

Ã€ trÃ¨s bientÃ´t dans les airs,
Lâ€™Ã©quipe de lâ€™aÃ©roport Charles de Gaulle âœ¨
"
P01960,kellymiller@medina.com,"Bonjour Shelby Donovan ğŸ‘‹,

Nous avons remarquÃ© votre goÃ»t pour les voyages en zone North America, notamment vers United States.
Pourquoi ne pas dÃ©couvrir une nouvelle destination ? ğŸ‡«ğŸ‡·âœˆï¸
Nous vous recommandons un prochain vol vers Mexico, en classe Business.

Ã€ trÃ¨s bientÃ´t dans les airs,
Lâ€™Ã©quipe de lâ€™aÃ©roport Charles de Gaulle âœ¨
"
P01977,angel99@yahoo.com,"Bonjour Amanda Clark ğŸ‘‹,

Nous avons remarquÃ© votre goÃ»t pour les voyages en zone Europe, notamment vers Germany.
Pourquoi ne pas dÃ©couvrir une nouvelle destination ? ğŸ‡«ğŸ‡·âœˆï¸
Nous vous recommandons un prochain vol vers Switzerland, en classe Premium Economy.

Ã€ trÃ¨s bientÃ´t dans les airs,
Lâ€™Ã©quipe de lâ€™aÃ©roport Charles de Gaulle âœ¨
"
P02067,stevensondawn@mcclure-mills.com,"Bonjour Kenneth Campbell ğŸ‘‹,

Nous avons remarquÃ© votre goÃ»t pour les voyages en zone Asia, notamment vers China.
Pourquoi ne pas dÃ©couvrir une nouvelle destination ? ğŸ‡«ğŸ‡·âœˆï¸
Nous vous recommandons un prochain vol vers India, en classe Economy.

Ã€ trÃ¨s bientÃ´t dans les airs,
Lâ€™Ã©quipe de lâ€™aÃ©roport Charles de Gaulle âœ¨
"
P02177,tterry@yahoo.com,"Bonjour Richard Stevens ğŸ‘‹,

Nous avons remarquÃ© votre goÃ»t pour les voyages en zone Asia, notamment vers Japan.
Pourquoi ne pas dÃ©couvrir une nouvelle destination ? ğŸ‡«ğŸ‡·âœˆï¸
Nous vous recommandons un prochain vol vers India, en classe Economy.

Ã€ trÃ¨s bientÃ´t dans les airs,
Lâ€™Ã©quipe de lâ€™aÃ©roport Charles de Gaulle âœ¨
"
P02306,johnsoncharles@hughes.com,"Bonjour Kaitlin Moore ğŸ‘‹,

Nous avons remarquÃ© votre goÃ»t pour les voyages en zone Africa, notamment vers South Africa.
Pourquoi ne pas dÃ©couvrir une nouvelle destination ? ğŸ‡«ğŸ‡·âœˆï¸
Nous vous recommandons un prochain vol vers South Africa, en classe Economy.

Ã€ trÃ¨s bientÃ´t dans les airs,
Lâ€™Ã©quipe de lâ€™aÃ©roport Charles de Gaulle âœ¨
"
P02451,dorothysmith@burns.com,"Bonjour Heather White ğŸ‘‹,

Nous avons remarquÃ© votre goÃ»t pour les voyages en zone Asia, notamment vers China.
Pourquoi ne pas dÃ©couvrir une nouvelle destination ? ğŸ‡«ğŸ‡·âœˆï¸
Nous vous recommandons un prochain vol vers South Korea, en classe Economy.

Ã€ trÃ¨s bientÃ´t dans les airs,
Lâ€™Ã©quipe de lâ€™aÃ©roport Charles de Gaulle âœ¨
"
P02459,jordanmatthews@yahoo.com,"Bonjour Chelsea Miller ğŸ‘‹,

Nous avons remarquÃ© votre goÃ»t pour les voyages en zone North America, notamment vers United States.
Pourquoi ne pas dÃ©couvrir une nouvelle destination ? ğŸ‡«ğŸ‡·âœˆï¸
Nous vous recommandons un prochain vol vers Mexico, en classe Economy.

Ã€ trÃ¨s bientÃ´t dans les airs,
Lâ€™Ã©quipe de lâ€™aÃ©roport Charles de Gaulle âœ¨
"
P02463,zking@hotmail.com,"Bonjour Jessica Kelley ğŸ‘‹,

Nous avons remarquÃ© votre goÃ»t pour les voyages en zone Europe, notamment vers Netherlands.
Pourquoi ne pas dÃ©couvrir une nouvelle destination ? ğŸ‡«ğŸ‡·âœˆï¸
Nous vous recommandons un prochain vol vers Switzerland, en classe Premium Economy.

Votre statut de fidÃ©litÃ© **Platinum** vous garantit une expÃ©rience encore plus premium.

Ã€ trÃ¨s bientÃ´t dans les airs,
Lâ€™Ã©quipe de lâ€™aÃ©roport Charles de Gaulle âœ¨
"
P02480,powellallen@gmail.com,"Bonjour Manuel Hicks ğŸ‘‹,

Nous avons remarquÃ© votre goÃ»t pour les voyages en zone Europe, notamment vers Portugal.
Pourquoi ne pas dÃ©couvrir une nouvelle destination ? ğŸ‡«ğŸ‡·âœˆï¸
Nous vous recommandons un prochain vol vers Netherlands, en classe Premium Economy.

Votre statut de fidÃ©litÃ© **Gold** vous garantit une expÃ©rience encore plus premium.

Ã€ trÃ¨s bientÃ´t dans les airs,
Lâ€™Ã©quipe de lâ€™aÃ©roport Charles de Gaulle âœ¨
"
P02510,crose@hotmail.com,"Bonjour Brittany Walters ğŸ‘‹,

Nous avons remarquÃ© votre goÃ»t pour les voyages en zone Europe, notamment vers Portugal.
Pourquoi ne pas dÃ©couvrir une nouvelle destination ? ğŸ‡«ğŸ‡·âœˆï¸
Nous vous recommandons un prochain vol vers Switzerland, en classe Economy.

Ã€ trÃ¨s bientÃ´t dans les airs,
Lâ€™Ã©quipe de lâ€™aÃ©roport Charles de Gaulle âœ¨
"
P02686,dnorton@gmail.com,"Bonjour Teresa Bruce ğŸ‘‹,

Nous avons remarquÃ© votre goÃ»t pour les voyages en zone Asia, notamment vers China.
Pourquoi ne pas dÃ©couvrir une nouvelle destination ? ğŸ‡«ğŸ‡·âœˆï¸
Nous vous recommandons un prochain vol vers Japan, en classe Premium Economy.

Ã€ trÃ¨s bientÃ´t dans les airs,
Lâ€™Ã©quipe de lâ€™aÃ©roport Charles de Gaulle âœ¨
"
P02736,hclark@hotmail.com,"Bonjour James Neal ğŸ‘‹,

Nous avons remarquÃ© votre goÃ»t pour les voyages en zone North America, notamment vers United States.
Pourquoi ne pas dÃ©couvrir une nouvelle destination ? ğŸ‡«ğŸ‡·âœˆï¸
Nous vous recommandons un prochain vol vers Mexico, en classe Economy.

Votre statut de fidÃ©litÃ© **Silver** vous garantit une expÃ©rience encore plus premium.

Ã€ trÃ¨s bientÃ´t dans les airs,
Lâ€™Ã©quipe de lâ€™aÃ©roport Charles de Gaulle âœ¨
"
P02743,breannahuynh@hotmail.com,"Bonjour James Blanchard ğŸ‘‹,

Nous avons remarquÃ© votre goÃ»t pour les voyages en zone North America, notamment vers United States.
Pourquoi ne pas dÃ©couvrir une nouvelle destination ? ğŸ‡«ğŸ‡·âœˆï¸
Nous vous recommandons un prochain vol vers Canada, en classe Business.

Votre statut de fidÃ©litÃ© **Silver** vous garantit une expÃ©rience encore plus premium.

Ã€ trÃ¨s bientÃ´t dans les airs,
Lâ€™Ã©quipe de lâ€™aÃ©roport Charles de Gaulle âœ¨
"
P02806,jamie15@haas-freeman.biz,"Bonjour Joseph Soto ğŸ‘‹,

Nous avons remarquÃ© votre goÃ»t pour les voyages en zone Asia, notamment vers Japan.
Pourquoi ne pas dÃ©couvrir une nouvelle destination ? ğŸ‡«ğŸ‡·âœˆï¸
Nous vous recommandons un prochain vol vers Thailand, en classe Economy.

Ã€ trÃ¨s bientÃ´t dans les airs,
Lâ€™Ã©quipe de lâ€™aÃ©roport Charles de Gaulle âœ¨
"
P02821,lrodgers@yahoo.com,"Bonjour Russell Cook ğŸ‘‹,

Nous avons remarquÃ© votre goÃ»t pour les voyages en zone Europe, notamment vers Switzerland.
Pourquoi ne pas dÃ©couvrir une nouvelle destination ? ğŸ‡«ğŸ‡·âœˆï¸
Nous vous recommandons un prochain vol vers Portugal, en classe Business.

Votre statut de fidÃ©litÃ© **Gold** vous garantit une expÃ©rience encore plus premium.

Ã€ trÃ¨s bientÃ´t dans les airs,
Lâ€™Ã©quipe de lâ€™aÃ©roport Charles de Gaulle âœ¨
"
P02841,inavarro@yahoo.com,"Bonjour Alexandra Reyes ğŸ‘‹,

Nous avons remarquÃ© votre goÃ»t pour les voyages en zone Asia, notamment vers China.
Pourquoi ne pas dÃ©couvrir une nouvelle destination ? ğŸ‡«ğŸ‡·âœˆï¸
Nous vous recommandons un prochain vol vers South Korea, en classe Business.

Votre statut de fidÃ©litÃ© **Silver** vous garantit une expÃ©rience encore plus premium.

Ã€ trÃ¨s bientÃ´t dans les airs,
Lâ€™Ã©quipe de lâ€™aÃ©roport Charles de Gaulle âœ¨
"
P02911,bethany01@smith.com,"Bonjour Christopher Hanson ğŸ‘‹,

Nous avons remarquÃ© votre goÃ»t pour les voyages en zone Middle East, notamment vers United Arab Emirates.
Pourquoi ne pas dÃ©couvrir une nouvelle destination ? ğŸ‡«ğŸ‡·âœˆï¸
Nous vous recommandons un prochain vol vers United Arab Emirates, en classe Premium Economy.

Ã€ trÃ¨s bientÃ´t dans les airs,
Lâ€™Ã©quipe de lâ€™aÃ©roport Charles de Gaulle âœ¨
"
P02914,ltucker@yahoo.com,"Bonjour Eugene Williams ğŸ‘‹,

Nous avons remarquÃ© votre goÃ»t pour les voyages en zone Europe, notamment vers Netherlands.
Pourquoi ne pas dÃ©couvrir une nouvelle destination ? ğŸ‡«ğŸ‡·âœˆï¸
Nous vous recommandons un prochain vol vers Germany, en classe Economy.

Votre statut de fidÃ©litÃ© **Platinum** vous garantit une expÃ©rience encore plus premium.

Ã€ trÃ¨s bientÃ´t dans les airs,
Lâ€™Ã©quipe de lâ€™aÃ©roport Charles de Gaulle âœ¨
"
P02940,blackkristin@simpson-graham.com,"Bonjour Douglas Daniel ğŸ‘‹,

Nous avons remarquÃ© votre goÃ»t pour les voyages en zone Asia, notamment vers India.
Pourquoi ne pas dÃ©couvrir une nouvelle destination ? ğŸ‡«ğŸ‡·âœˆï¸
Nous vous recommandons un prochain vol vers China, en classe Economy.

Votre statut de fidÃ©litÃ© **Gold** vous garantit une expÃ©rience encore plus premium.

Ã€ trÃ¨s bientÃ´t dans les airs,
Lâ€™Ã©quipe de lâ€™aÃ©roport Charles de Gaulle âœ¨
"
P03014,duncanpamela@baker.com,"Bonjour Patrick Andrews ğŸ‘‹,

Nous avons remarquÃ© votre goÃ»t pour les voyages en zone North America, notamment vers Canada.
Pourquoi ne pas dÃ©couvrir une nouvelle destination ? ğŸ‡«ğŸ‡·âœˆï¸
Nous vous recommandons un prochain vol vers Mexico, en classe Economy.

Ã€ trÃ¨s bientÃ´t dans les airs,
Lâ€™Ã©quipe de lâ€™aÃ©roport Charles de Gaulle âœ¨
"
P03041,xvillanueva@gmail.com,"Bonjour Sarah Greene ğŸ‘‹,

Nous avons remarquÃ© votre goÃ»t pour les voyages en zone North America, notamment vers United States.
Pourquoi ne pas dÃ©couvrir une nouvelle destination ? ğŸ‡«ğŸ‡·âœˆï¸
Nous vous recommandons un prochain vol vers Canada, en classe Economy.

Votre statut de fidÃ©litÃ© **Platinum** vous garantit une expÃ©rience encore plus premium.

Ã€ trÃ¨s bientÃ´t dans les airs,
Lâ€™Ã©quipe de lâ€™aÃ©roport Charles de Gaulle âœ¨
"
P03043,angelaobrien@gardner-coleman.org,"Bonjour Alexandria Cox ğŸ‘‹,

Nous avons remarquÃ© votre goÃ»t pour les voyages en zone Asia, notamment vers Thailand.
Pourquoi ne pas dÃ©couvrir une nouvelle destination ? ğŸ‡«ğŸ‡·âœˆï¸
Nous vous recommandons un prochain vol vers Japan, en classe Economy.

Ã€ trÃ¨s bientÃ´t dans les airs,
Lâ€™Ã©quipe de lâ€™aÃ©roport Charles de Gaulle âœ¨
"
P03325,gregory99@rogers.info,"Bonjour Angela Chen ğŸ‘‹,

Nous avons remarquÃ© votre goÃ»t pour les voyages en zone Europe, notamment vers Spain.
Pourquoi ne pas dÃ©couvrir une nouvelle destination ? ğŸ‡«ğŸ‡·âœˆï¸
Nous vous recommandons un prochain vol vers Germany, en classe Economy.

Ã€ trÃ¨s bientÃ´t dans les airs,
Lâ€™Ã©quipe de lâ€™aÃ©roport Charles de Gaulle âœ¨
"
P03405,nelsonjeremy@williams.com,"Bonjour Amber Evans ğŸ‘‹,

Nous avons remarquÃ© votre goÃ»t pour les voyages en zone Africa, notamment vers South Africa.
Pourquoi ne pas dÃ©couvrir une nouvelle destination ? ğŸ‡«ğŸ‡·âœˆï¸
Nous vous recommandons un prochain vol vers South Africa, en classe Premium Economy.

Votre statut de fidÃ©litÃ© **Gold** vous garantit une expÃ©rience encore plus premium.

Ã€ trÃ¨s bientÃ´t dans les airs,
Lâ€™Ã©quipe de lâ€™aÃ©roport Charles de Gaulle âœ¨
"
P03427,scervantes@hess.biz,"Bonjour Kyle Howell ğŸ‘‹,

Nous avons remarquÃ© votre goÃ»t pour les voyages en zone Asia, notamment vers Thailand.
Pourquoi ne pas dÃ©couvrir une nouvelle destination ? ğŸ‡«ğŸ‡·âœˆï¸
Nous vous recommandons un prochain vol vers South Korea, en classe Economy.

Ã€ trÃ¨s bientÃ´t dans les airs,
Lâ€™Ã©quipe de lâ€™aÃ©roport Charles de Gaulle âœ¨
"
P03446,mcisneros@gmail.com,"Bonjour Mary Caldwell ğŸ‘‹,

Nous avons remarquÃ© votre goÃ»t pour les voyages en zone Asia, notamment vers India.
Pourquoi ne pas dÃ©couvrir une nouvelle destination ? ğŸ‡«ğŸ‡·âœˆï¸
Nous vous recommandons un prochain vol vers Japan, en classe Economy.

Votre statut de fidÃ©litÃ© **Silver** vous garantit une expÃ©rience encore plus premium.

Ã€ trÃ¨s bientÃ´t dans les airs,
Lâ€™Ã©quipe de lâ€™aÃ©roport Charles de Gaulle âœ¨
"
P03532,tanneraustin@yahoo.com,"Bonjour Evan Larsen ğŸ‘‹,

Nous avons remarquÃ© votre goÃ»t pour les voyages en zone Europe, notamment vers Spain.
Pourquoi ne pas dÃ©couvrir une nouvelle destination ? ğŸ‡«ğŸ‡·âœˆï¸
Nous vous recommandons un prochain vol vers Netherlands, en classe Business.

Votre statut de fidÃ©litÃ© **Gold** vous garantit une expÃ©rience encore plus premium.

Ã€ trÃ¨s bientÃ´t dans les airs,
Lâ€™Ã©quipe de lâ€™aÃ©roport Charles de Gaulle âœ¨
"
P03540,ubenitez@yahoo.com,"Bonjour Cindy Butler ğŸ‘‹,

Nous avons remarquÃ© votre goÃ»t pour les voyages en zone Asia, notamment vers India.
Pourquoi ne pas dÃ©couvrir une nouvelle destination ? ğŸ‡«ğŸ‡·âœˆï¸
Nous vous recommandons un prochain vol vers Japan, en classe Business.

Ã€ trÃ¨s bientÃ´t dans les airs,
Lâ€™Ã©quipe de lâ€™aÃ©roport Charles de Gaulle âœ¨
"
P03609,lchase@mays-black.com,"Bonjour Anthony Flores ğŸ‘‹,

Nous avons remarquÃ© votre goÃ»t pour les voyages en zone Asia, notamment vers India.
Pourquoi ne pas dÃ©couvrir une nouvelle destination ? ğŸ‡«ğŸ‡·âœˆï¸
Nous vous recommandons un prochain vol vers China, en classe Business.

Ã€ trÃ¨s bientÃ´t dans les airs,
Lâ€™Ã©quipe de lâ€™aÃ©roport Charles de Gaulle âœ¨
"
P03719,rebeccaponce@smith.com,"Bonjour Dana Robbins ğŸ‘‹,

Nous avons remarquÃ© votre goÃ»t pour les voyages en zone Asia, notamment vers Japan.
Pourquoi ne pas dÃ©couvrir une nouvelle destination ? ğŸ‡«ğŸ‡·âœˆï¸
Nous vous recommandons un prochain vol vers Thailand, en classe Business.

Votre statut de fidÃ©litÃ© **Gold** vous garantit une expÃ©rience encore plus premium.

Ã€ trÃ¨s bientÃ´t dans les airs,
Lâ€™Ã©quipe de lâ€™aÃ©roport Charles de Gaulle âœ¨
"
P03765,rayscott@gmail.com,"Bonjour Jonathan Mueller ğŸ‘‹,

Nous avons remarquÃ© votre goÃ»t pour les voyages en zone North America, notamment vers United States.
Pourquoi ne pas dÃ©couvrir une nouvelle destination ? ğŸ‡«ğŸ‡·âœˆï¸
Nous vous recommandons un prochain vol vers Canada, en classe Premium Economy.

Ã€ trÃ¨s bientÃ´t dans les airs,
Lâ€™Ã©quipe de lâ€™aÃ©roport Charles de Gaulle âœ¨
"
P03780,watsonkelsey@thompson.com,"Bonjour Tammie Anderson ğŸ‘‹,

Nous avons remarquÃ© votre goÃ»t pour les voyages en zone Asia, notamment vers South Korea.
Pourquoi ne pas dÃ©couvrir une nouvelle destination ? ğŸ‡«ğŸ‡·âœˆï¸
Nous vous recommandons un prochain vol vers China, en classe Economy.

Ã€ trÃ¨s bientÃ´t dans les airs,
Lâ€™Ã©quipe de lâ€™aÃ©roport Charles de Gaulle âœ¨
"
P03802,hferguson@hotmail.com,"Bonjour Ian Huynh ğŸ‘‹,

Nous avons remarquÃ© votre goÃ»t pour les voyages en zone North America, notamment vers United States.
Pourquoi ne pas dÃ©couvrir une nouvelle destination ? ğŸ‡«ğŸ‡·âœˆï¸
Nous vous recommandons un prochain vol vers Mexico, en classe Business.

Votre statut de fidÃ©litÃ© **Platinum** vous garantit une expÃ©rience encore plus premium.

Ã€ trÃ¨s bientÃ´t dans les airs,
Lâ€™Ã©quipe de lâ€™aÃ©roport Charles de Gaulle âœ¨
"
P03922,brittany79@yahoo.com,"Bonjour Thomas Dean ğŸ‘‹,

Nous avons remarquÃ© votre goÃ»t pour les voyages en zone Middle East, notamment vers United Arab Emirates.
Pourquoi ne pas dÃ©couvrir une nouvelle destination ? ğŸ‡«ğŸ‡·âœˆï¸
Nous vous recommandons un prochain vol vers United Arab Emirates, en classe Premium Economy.

Votre statut de fidÃ©litÃ© **Gold** vous garantit une expÃ©rience encore plus premium.

Ã€ trÃ¨s bientÃ´t dans les airs,
Lâ€™Ã©quipe de lâ€™aÃ©roport Charles de Gaulle âœ¨
"
P03991,kkline@daniels-cruz.com,"Bonjour Nathaniel Giles ğŸ‘‹,

Nous avons remarquÃ© votre goÃ»t pour les voyages en zone Europe, notamment vers Netherlands.
Pourquoi ne pas dÃ©couvrir une nouvelle destination ? ğŸ‡«ğŸ‡·âœˆï¸
Nous vous recommandons un prochain vol vers Germany, en classe Premium Economy.

Ã€ trÃ¨s bientÃ´t dans les airs,
Lâ€™Ã©quipe de lâ€™aÃ©roport Charles de Gaulle âœ¨
"
P04046,nicholas87@baker-glass.biz,"Bonjour Allison Jacobs ğŸ‘‹,

Nous avons remarquÃ© votre goÃ»t pour les voyages en zone Africa, notamment vers South Africa.
Pourquoi ne pas dÃ©couvrir une nouvelle destination ? ğŸ‡«ğŸ‡·âœˆï¸
Nous vous recommandons un prochain vol vers South Africa, en classe Business.

Votre statut de fidÃ©litÃ© **Silver** vous garantit une expÃ©rience encore plus premium.

Ã€ trÃ¨s bientÃ´t dans les airs,
Lâ€™Ã©quipe de lâ€™aÃ©roport Charles de Gaulle âœ¨
"
P04106,william92@stephenson.com,"Bonjour Donald Colon ğŸ‘‹,

Nous avons remarquÃ© votre goÃ»t pour les voyages en zone Europe, notamment vers Spain.
Pourquoi ne pas dÃ©couvrir une nouvelle destination ? ğŸ‡«ğŸ‡·âœˆï¸
Nous vous recommandons un prochain vol vers Switzerland, en classe Business.

Ã€ trÃ¨s bientÃ´t dans les airs,
Lâ€™Ã©quipe de lâ€™aÃ©roport Charles de Gaulle âœ¨
"
P04219,ipaul@yahoo.com,"Bonjour Matthew Flores ğŸ‘‹,

Nous avons remarquÃ© votre goÃ»t pour les voyages en zone Europe, notamment vers Switzerland.
Pourquoi ne pas dÃ©couvrir une nouvelle destination ? ğŸ‡«ğŸ‡·âœˆï¸
Nous vous recommandons un prochain vol vers Netherlands, en classe Economy.

Ã€ trÃ¨s bientÃ´t dans les airs,
Lâ€™Ã©quipe de lâ€™aÃ©roport Charles de Gaulle âœ¨
"
P04238,jessicajoseph@gmail.com,"Bonjour Erica Frazier ğŸ‘‹,

Nous avons remarquÃ© votre goÃ»t pour les voyages en zone Africa, notamment vers South Africa.
Pourquoi ne pas dÃ©couvrir une nouvelle destination ? ğŸ‡«ğŸ‡·âœˆï¸
Nous vous recommandons un prochain vol vers South Africa, en classe Premium Economy.

Ã€ trÃ¨s bientÃ´t dans les airs,
Lâ€™Ã©quipe de lâ€™aÃ©roport Charles de Gaulle âœ¨
"
P04240,coxveronica@hotmail.com,"Bonjour Destiny Stevens ğŸ‘‹,

Nous avons remarquÃ© votre goÃ»t pour les voyages en zone Asia, notamment vers South Korea.
Pourquoi ne pas dÃ©couvrir une nouvelle destination ? ğŸ‡«ğŸ‡·âœˆï¸
Nous vous recommandons un prochain vol vers Thailand, en classe Economy.

Ã€ trÃ¨s bientÃ´t dans les airs,
Lâ€™Ã©quipe de lâ€™aÃ©roport Charles de Gaulle âœ¨
"
P04298,martinmartin@hotmail.com,"Bonjour Ruth Schneider ğŸ‘‹,

Nous avons remarquÃ© votre goÃ»t pour les voyages en zone Asia, notamment vers China.
Pourquoi ne pas dÃ©couvrir une nouvelle destination ? ğŸ‡«ğŸ‡·âœˆï¸
Nous vous recommandons un prochain vol vers India, en classe Business.

Ã€ trÃ¨s bientÃ´t dans les airs,
Lâ€™Ã©quipe de lâ€™aÃ©roport Charles de Gaulle âœ¨
"
P04308,mduran@yahoo.com,"Bonjour Steven Barrett ğŸ‘‹,

Nous avons remarquÃ© votre goÃ»t pour les voyages en zone Middle East, notamment vers United Arab Emirates.
Pourquoi ne pas dÃ©couvrir une nouvelle destination ? ğŸ‡«ğŸ‡·âœˆï¸
Nous vous recommandons un prochain vol vers United Arab Emirates, en classe Economy.

Ã€ trÃ¨s bientÃ´t dans les airs,
Lâ€™Ã©quipe de lâ€™aÃ©roport Charles de Gaulle âœ¨
"
P04348,ana27@johnson-peterson.com,"Bonjour Karina Miles ğŸ‘‹,

Nous avons remarquÃ© votre goÃ»t pour les voyages en zone Asia, notamment vers Thailand.
Pourquoi ne pas dÃ©couvrir une nouvelle destination ? ğŸ‡«ğŸ‡·âœˆï¸
Nous vous recommandons un prochain vol vers China, en classe Economy.

Votre statut de fidÃ©litÃ© **Gold** vous garantit une expÃ©rience encore plus premium.

Ã€ trÃ¨s bientÃ´t dans les airs,
Lâ€™Ã©quipe de lâ€™aÃ©roport Charles de Gaulle âœ¨
"
P04387,christinagriffin@swanson.net,"Bonjour Nicholas Johnson ğŸ‘‹,

Nous avons remarquÃ© votre goÃ»t pour les voyages en zone Asia, notamment vers India.
Pourquoi ne pas dÃ©couvrir une nouvelle destination ? ğŸ‡«ğŸ‡·âœˆï¸
Nous vous recommandons un prochain vol vers South Korea, en classe Premium Economy.

Votre statut de fidÃ©litÃ© **Gold** vous garantit une expÃ©rience encore plus premium.

Ã€ trÃ¨s bientÃ´t dans les airs,
Lâ€™Ã©quipe de lâ€™aÃ©roport Charles de Gaulle âœ¨
"
P04419,taylorkelly@hotmail.com,"Bonjour Martin Walls ğŸ‘‹,

Nous avons remarquÃ© votre goÃ»t pour les voyages en zone Africa, notamment vers South Africa.
Pourquoi ne pas dÃ©couvrir une nouvelle destination ? ğŸ‡«ğŸ‡·âœˆï¸
Nous vous recommandons un prochain vol vers South Africa, en classe Economy.

Votre statut de fidÃ©litÃ© **Silver** vous garantit une expÃ©rience encore plus premium.

Ã€ trÃ¨s bientÃ´t dans les airs,
Lâ€™Ã©quipe de lâ€™aÃ©roport Charles de Gaulle âœ¨
"
P04500,cainjustin@wright.info,"Bonjour Catherine Fox ğŸ‘‹,

Nous avons remarquÃ© votre goÃ»t pour les voyages en zone North America, notamment vers United States.
Pourquoi ne pas dÃ©couvrir une nouvelle destination ? ğŸ‡«ğŸ‡·âœˆï¸
Nous vous recommandons un prochain vol vers Canada, en classe Premium Economy.

Ã€ trÃ¨s bientÃ´t dans les airs,
Lâ€™Ã©quipe de lâ€™aÃ©roport Charles de Gaulle âœ¨
"
P04600,denise27@hotmail.com,"Bonjour Lisa Clark ğŸ‘‹,

Nous avons remarquÃ© votre goÃ»t pour les voyages en zone Asia, notamment vers Japan.
Pourquoi ne pas dÃ©couvrir une nouvelle destination ? ğŸ‡«ğŸ‡·âœˆï¸
Nous vous recommandons un prochain vol vers China, en classe First.

Ã€ trÃ¨s bientÃ´t dans les airs,
Lâ€™Ã©quipe de lâ€™aÃ©roport Charles de Gaulle âœ¨
"
P04641,tracy48@garcia.com,"Bonjour Jennifer Smith ğŸ‘‹,

Nous avons remarquÃ© votre goÃ»t pour les voyages en zone Middle East, notamment vers United Arab Emirates.
Pourquoi ne pas dÃ©couvrir une nouvelle destination ? ğŸ‡«ğŸ‡·âœˆï¸
Nous vous recommandons un prochain vol vers United Arab Emirates, en classe Economy.

Ã€ trÃ¨s bientÃ´t dans les airs,
Lâ€™Ã©quipe de lâ€™aÃ©roport Charles de Gaulle âœ¨
"
P04686,emontoya@hotmail.com,"Bonjour James Armstrong ğŸ‘‹,

Nous avons remarquÃ© votre goÃ»t pour les voyages en zone Asia, notamment vers India.
Pourquoi ne pas dÃ©couvrir une nouvelle destination ? ğŸ‡«ğŸ‡·âœˆï¸
Nous vous recommandons un prochain vol vers Thailand, en classe Economy.

Votre statut de fidÃ©litÃ© **Silver** vous garantit une expÃ©rience encore plus premium.

Ã€ trÃ¨s bientÃ´t dans les airs,
Lâ€™Ã©quipe de lâ€™aÃ©roport Charles de Gaulle âœ¨
"
P04712,denise76@yahoo.com,"Bonjour Jason Rice ğŸ‘‹,

Nous avons remarquÃ© votre goÃ»t pour les voyages en zone Europe, notamment vers Germany.
Pourquoi ne pas dÃ©couvrir une nouvelle destination ? ğŸ‡«ğŸ‡·âœˆï¸
Nous vous recommandons un prochain vol vers Switzerland, en classe Economy.

Votre statut de fidÃ©litÃ© **Platinum** vous garantit une expÃ©rience encore plus premium.

Ã€ trÃ¨s bientÃ´t dans les airs,
Lâ€™Ã©quipe de lâ€™aÃ©roport Charles de Gaulle âœ¨
"
P04719,wtaylor@yahoo.com,"Bonjour Kelly Johnson ğŸ‘‹,

Nous avons remarquÃ© votre goÃ»t pour les voyages en zone Europe, notamment vers Switzerland.
Pourquoi ne pas dÃ©couvrir une nouvelle destination ? ğŸ‡«ğŸ‡·âœˆï¸
Nous vous recommandons un prochain vol vers Germany, en classe Premium Economy.

Ã€ trÃ¨s bientÃ´t dans les airs,
Lâ€™Ã©quipe de lâ€™aÃ©roport Charles de Gaulle âœ¨
"
P04724,ballzachary@watkins.info,"Bonjour Alexis Hamilton ğŸ‘‹,

Nous avons remarquÃ© votre goÃ»t pour les voyages en zone North America, notamment vers United States.
Pourquoi ne pas dÃ©couvrir une nouvelle destination ? ğŸ‡«ğŸ‡·âœˆï¸
Nous vous recommandons un prochain vol vers Mexico, en classe Economy.

Votre statut de fidÃ©litÃ© **Gold** vous garantit une expÃ©rience encore plus premium.

Ã€ trÃ¨s bientÃ´t dans les airs,
Lâ€™Ã©quipe de lâ€™aÃ©roport Charles de Gaulle âœ¨
"
P04750,scottann@gmail.com,"Bonjour John Harris ğŸ‘‹,

Nous avons remarquÃ© votre goÃ»t pour les voyages en zone Asia, notamment vers South Korea.
Pourquoi ne pas dÃ©couvrir une nouvelle destination ? ğŸ‡«ğŸ‡·âœˆï¸
Nous vous recommandons un prochain vol vers China, en classe Business.

Votre statut de fidÃ©litÃ© **Silver** vous garantit une expÃ©rience encore plus premium.

Ã€ trÃ¨s bientÃ´t dans les airs,
Lâ€™Ã©quipe de lâ€™aÃ©roport Charles de Gaulle âœ¨
"
P04753,francis78@hoffman.net,"Bonjour Vincent Baker ğŸ‘‹,

Nous avons remarquÃ© votre goÃ»t pour les voyages en zone Asia, notamment vers India.
Pourquoi ne pas dÃ©couvrir une nouvelle destination ? ğŸ‡«ğŸ‡·âœˆï¸
Nous vous recommandons un prochain vol vers China, en classe Premium Economy.

Ã€ trÃ¨s bientÃ´t dans les airs,
Lâ€™Ã©quipe de lâ€™aÃ©roport Charles de Gaulle âœ¨
"
P04785,hlopez@parsons.org,"Bonjour Daniel Cline ğŸ‘‹,

Nous avons remarquÃ© votre goÃ»t pour les voyages en zone North America, notamment vers Mexico.
Pourquoi ne pas dÃ©couvrir une nouvelle destination ? ğŸ‡«ğŸ‡·âœˆï¸
Nous vous recommandons un prochain vol vers Canada, en classe Economy.

Votre statut de fidÃ©litÃ© **Gold** vous garantit une expÃ©rience encore plus premium.

Ã€ trÃ¨s bientÃ´t dans les airs,
Lâ€™Ã©quipe de lâ€™aÃ©roport Charles de Gaulle âœ¨
"
P04831,jespinoza@hotmail.com,"Bonjour Elizabeth Davis ğŸ‘‹,

Nous avons remarquÃ© votre goÃ»t pour les voyages en zone Asia, notamment vers India.
Pourquoi ne pas dÃ©couvrir une nouvelle destination ? ğŸ‡«ğŸ‡·âœˆï¸
Nous vous recommandons un prochain vol vers Thailand, en classe Premium Economy.

Ã€ trÃ¨s bientÃ´t dans les airs,
Lâ€™Ã©quipe de lâ€™aÃ©roport Charles de Gaulle âœ¨
"
P04900,smithgina@vega-martinez.com,"Bonjour Mia Mills ğŸ‘‹,

Nous avons remarquÃ© votre goÃ»t pour les voyages en zone Asia, notamment vers Japan.
Pourquoi ne pas dÃ©couvrir une nouvelle destination ? ğŸ‡«ğŸ‡·âœˆï¸
Nous vous recommandons un prochain vol vers India, en classe Premium Economy.

Ã€ trÃ¨s bientÃ´t dans les airs,
Lâ€™Ã©quipe de lâ€™aÃ©roport Charles de Gaulle âœ¨
"
P04935,duane67@yahoo.com,"Bonjour Anthony Burton ğŸ‘‹,

Nous avons remarquÃ© votre goÃ»t pour les voyages en zone Middle East, notamment vers United Arab Emirates.
Pourquoi ne pas dÃ©couvrir une nouvelle destination ? ğŸ‡«ğŸ‡·âœˆï¸
Nous vous recommandons un prochain vol vers United Arab Emirates, en classe Economy.

Ã€ trÃ¨s bientÃ´t dans les airs,
Lâ€™Ã©quipe de lâ€™aÃ©roport Charles de Gaulle âœ¨
"
P04990,cranejessica@lewis-hansen.org,"Bonjour Heather Fox ğŸ‘‹,

Nous avons remarquÃ© votre goÃ»t pour les voyages en zone Asia, notamment vers China.
Pourquoi ne pas dÃ©couvrir une nouvelle destination ? ğŸ‡«ğŸ‡·âœˆï¸
Nous vous recommandons un prochain vol vers South Korea, en classe Economy.

Ã€ trÃ¨s bientÃ´t dans les airs,
Lâ€™Ã©quipe de lâ€™aÃ©roport Charles de Gaulle âœ¨
"
